32
11	Naruto	naruto@hideleaf.edu
14	Hinata	g04.hina@hideleaf.edu
30	Shikamaru	p23.shik@hideleaf.edu
27	Sasuke	sasuke@hideleaf.edu
28	Sakura	sakura@hideleaf.edu
22	Choji	71choj@hideleaf.edu
20	Ino	ino@hideleaf.edu
3	Asuma	asuma@hideleaf.edu
8	Neji	l33.neji@hideleaf.edu
5	RockLee	rocklee@hideleaf.edu
10	Tenten	tenten@hideleaf.edu
18	Shino	shino@hideleaf.edu
21	Kiba	56kiba@hideleaf.edu
23	Gaara	94gaar@hideleaf.edu
0	Temari	temari@hideleaf.edu
9	Kankuro	kankuro@hideleaf.edu
6	Ash	ash@pku.edu
24	Misty	misty@pku.edu
25	Brock	brock@pku.edu
15	Jessie	69jess@pku.edu
1	James	james@pku.edu
13	Goku	goku@dbz.edu
19	Gohan	75goha@dbz.edu
31	Vegeta	vegeta@dbz.edu
26	Bulma	bulma@dbz.edu
2	Trunks	trunks@dbz.edu
12	Android18	android18@dbz.edu
17	Chi-Chi	chi-chi@dbz.edu
29	Krillin	krillin@dbz.edu
4	Videl	64vide@dbz.edu
16	Piccolo	piccolo@dbz.edu
7	Frieza	frieza@dbz.edu